Workbook

Sheet Mode d'emploi
B2: PLAN 90 JOURS — PROTECTION DES ACTIFS
B3: Webinaire « Protéger les actifs de son entreprise en 90 jours » — Isaïe Djrolo, architecte sécurité
B5: À quoi sert ce classeur
B6: Objectif | C6: Passer d'une intention (« il faudrait sécuriser ») à un plan daté, chiffré et présentable à une direction, en trois vagues de 30 jours. Le classeur se remplit dans l'ordre des onglets.
B7: Temps nécessaire | C7: Environ 2 heures pour l'inventaire initial, puis 20 minutes par semaine pour la mise à jour du suivi.
B8: Qui le remplit | C8: La personne responsable de l'informatique, idéalement avec un représentant de la direction pour la cotation des impacts.
B10: Ordre d'utilisation
B11: Onglet 1 — Inventaire des actifs | C11: Lister les actifs qui comptent : données, comptes, services, équipements, dépendances fournisseurs. Viser 15 à 30 lignes, pas 300. Coter les deux impacts ; la criticité et la priorité se calculent seules.
B12: Onglet 2 — Plan 90 jours | C12: 21 mesures pré-remplies, réparties en trois vagues. Attribuer un responsable, ajuster les échéances, mettre à jour la colonne Statut. Les mesures non pertinentes se marquent « Non applicable » plutôt que de se supprimer.
B13: Onglet 3 — Indicateurs | C13: Cinq mesures de progrès. Renseigner la valeur de départ le premier jour : sans point de départ, il n'y a pas de progrès démontrable.
B14: Onglet 4 — Tableau de bord | C14: Se calcule automatiquement à partir des onglets 2 et 3. C'est la page à projeter en comité de direction.
B17: Code couleur
B18: Cellule jaune | C18: À remplir par vous. Tout le reste est soit du contenu fourni, soit un calcul automatique — à ne pas écraser.
B19: Texte bleu | C19: Donnée saisie manuellement.
B20: Texte gris italique | C20: Ligne d'exemple, à supprimer une fois vos propres données saisies.
B22: Conventions de calcul | C22: Criticité d'un actif = plus fort des deux impacts (indisponibilité, divulgation), augmenté de 1 point si l'actif est exposé sur Internet, plafonné à 4. La criticité obtenue devient la priorité de traitement : 4 = Critique, 3 = Élevée, 2 = Moyenne, 1 = Faible.
C23: Avancement d'une mesure : « Fait » = 100 %, « En cours » = 50 %, « Non démarré » = 0 %. Les mesures marquées « Non applicable » sont exclues du calcul.
C24: Priorité d'une mesure = réduction du risque divisée par l'effort. Elle sert à trier les mesures à l'intérieur d'une vague, jamais d'une vague à l'autre : c'est l'ordre des vagues qui porte la priorité réelle. Le barème des deux cotations figure en bas de l'onglet « 2. Plan 90 jours ».
B26: Avertissement | C26: Ce classeur est un outil de priorisation, pas une attestation de conformité. Il ne remplace ni une analyse de risques formelle ni un audit indépendant.

Sheet 1. Inventaire des actifs
A1: 1. INVENTAIRE DES ACTIFS
A2: Objectif : savoir ce que l'on protège avant de décider comment. Les trois premières lignes sont des exemples à supprimer.
A4: ID | B4: Actif | C4: Type | D4: Description | E4: Propriétaire métier | F4: Hébergement | G4: Exposé sur Internet | H4: Contient des données sensibles | I4: Impact si indisponible (1-4) | J4: Impact si divulgué (1-4) | K4: Criticité (calcul) | L4: Priorité de traitement
A5: A01 | B5: Base de données clients | C5: Donnée | D5: Coordonnées et historique de facturation de 4 200 clients | E5: Direction commerciale | F5: Serveur interne | G5: Non | H5: Oui | I5: 4 | J5: 4 | K5: =IF(COUNT(I5:J5)=0,"",MIN(4,MAX(I5:J5)+IF(G5="Oui",1,0))) -> 4 | L5: =IF(K5="","",IF(K5>=4,"Critique",IF(K5=3,"Élevée",IF(K5=2,"Moyenne","Faible")))) -> Critique
A6: A02 | B6: Comptes administrateurs Microsoft 365 | C6: Compte | D6: 6 comptes disposant de droits d'administration globale | E6: Responsable TI | F6: Infonuagique | G6: Oui | H6: Oui | I6: 4 | J6: 4 | K6: =IF(COUNT(I6:J6)=0,"",MIN(4,MAX(I6:J6)+IF(G6="Oui",1,0))) -> 4 | L6: =IF(K6="","",IF(K6>=4,"Critique",IF(K6=3,"Élevée",IF(K6=2,"Moyenne","Faible")))) -> Critique
A7: A03 | B7: Site de commande en ligne | C7: Service | D7: Prise de commande des clients, 60 % du chiffre d'affaires | E7: Direction générale | F7: Hébergeur externe | G7: Oui | H7: Oui | I7: 4 | J7: 3 | K7: =IF(COUNT(I7:J7)=0,"",MIN(4,MAX(I7:J7)+IF(G7="Oui",1,0))) -> 4 | L7: =IF(K7="","",IF(K7>=4,"Critique",IF(K7=3,"Élevée",IF(K7=2,"Moyenne","Faible")))) -> Critique
K8: =IF(COUNT(I8:J8)=0,"",MIN(4,MAX(I8:J8)+IF(G8="Oui",1,0))) | L8: =IF(K8="","",IF(K8>=4,"Critique",IF(K8=3,"Élevée",IF(K8=2,"Moyenne","Faible"))))
K9: =IF(COUNT(I9:J9)=0,"",MIN(4,MAX(I9:J9)+IF(G9="Oui",1,0))) | L9: =IF(K9="","",IF(K9>=4,"Critique",IF(K9=3,"Élevée",IF(K9=2,"Moyenne","Faible"))))
K10: =IF(COUNT(I10:J10)=0,"",MIN(4,MAX(I10:J10)+IF(G10="Oui",1,0))) | L10: =IF(K10="","",IF(K10>=4,"Critique",IF(K10=3,"Élevée",IF(K10=2,"Moyenne","Faible"))))
K11: =IF(COUNT(I11:J11)=0,"",MIN(4,MAX(I11:J11)+IF(G11="Oui",1,0))) | L11: =IF(K11="","",IF(K11>=4,"Critique",IF(K11=3,"Élevée",IF(K11=2,"Moyenne","Faible"))))
K12: =IF(COUNT(I12:J12)=0,"",MIN(4,MAX(I12:J12)+IF(G12="Oui",1,0))) | L12: =IF(K12="","",IF(K12>=4,"Critique",IF(K12=3,"Élevée",IF(K12=2,"Moyenne","Faible"))))
K13: =IF(COUNT(I13:J13)=0,"",MIN(4,MAX(I13:J13)+IF(G13="Oui",1,0))) | L13: =IF(K13="","",IF(K13>=4,"Critique",IF(K13=3,"Élevée",IF(K13=2,"Moyenne","Faible"))))
K14: =IF(COUNT(I14:J14)=0,"",MIN(4,MAX(I14:J14)+IF(G14="Oui",1,0))) | L14: =IF(K14="","",IF(K14>=4,"Critique",IF(K14=3,"Élevée",IF(K14=2,"Moyenne","Faible"))))
K15: =IF(COUNT(I15:J15)=0,"",MIN(4,MAX(I15:J15)+IF(G15="Oui",1,0))) | L15: =IF(K15="","",IF(K15>=4,"Critique",IF(K15=3,"Élevée",IF(K15=2,"Moyenne","Faible"))))
K16: =IF(COUNT(I16:J16)=0,"",MIN(4,MAX(I16:J16)+IF(G16="Oui",1,0))) | L16: =IF(K16="","",IF(K16>=4,"Critique",IF(K16=3,"Élevée",IF(K16=2,"Moyenne","Faible"))))
K17: =IF(COUNT(I17:J17)=0,"",MIN(4,MAX(I17:J17)+IF(G17="Oui",1,0))) | L17: =IF(K17="","",IF(K17>=4,"Critique",IF(K17=3,"Élevée",IF(K17=2,"Moyenne","Faible"))))
K18: =IF(COUNT(I18:J18)=0,"",MIN(4,MAX(I18:J18)+IF(G18="Oui",1,0))) | L18: =IF(K18="","",IF(K18>=4,"Critique",IF(K18=3,"Élevée",IF(K18=2,"Moyenne","Faible"))))
K19: =IF(COUNT(I19:J19)=0,"",MIN(4,MAX(I19:J19)+IF(G19="Oui",1,0))) | L19: =IF(K19="","",IF(K19>=4,"Critique",IF(K19=3,"Élevée",IF(K19=2,"Moyenne","Faible"))))
... K34: =IF(COUNT(I34:J34)=0,"",MIN(4,MAX(I34:J34)+IF(G34="Oui",1,0))) | L34: =IF(K34="","",IF(K34>=4,"Critique",IF(K34=3,"Élevée",IF(K34=2,"Moyenne","Faible"))))
A36: Échelle d'impact
A37: 1 — Négligeable | C37: Gêne interne, aucune conséquence pour les clients ni pour la direction.
A38: 2 — Modéré | C38: Perturbation d'une équipe pendant moins d'une journée.
A39: 3 — Important | C39: Activité dégradée, clients affectés, obligation d'informer la direction.
A40: 4 — Critique | C40: Arrêt d'activité, obligation légale de notification, atteinte à la réputation.
A42: Correspondance criticité → priorité de traitement
A43: Criticité 1 | C43: Priorité Faible — à traiter quand les autres sont réglées.
A44: Criticité 2 | C44: Priorité Moyenne — à planifier dans l'année.
A45: Criticité 3 | C45: Priorité Élevée — à traiter dans les 90 jours.
A46: Criticité 4 | C46: Priorité Critique — à traiter dans les 30 premiers jours.
A48: L'échelle d'impact ci-dessus (Négligeable, Modéré, Important, Critique) sert à coter ce que l'on subit. L'échelle de priorité (Faible, Moyenne, Élevée, Critique) exprime la décision qui en découle. Elles ne se superposent pas toujours : un actif coté « Important » sur ses deux impacts mais exposé sur Internet ressort en priorité Critique, à cause du point ajouté pour l'exposition.

Sheet 2. Plan 90 jours
A1: 2. PLAN 90 JOURS — 21 MESURES PRIORISÉES
A2: Colonnes jaunes à remplir. L'échéance se calcule à partir de la date de lancement saisie dans l'onglet Tableau de bord.
A4: N° | B4: Vague | C4: Mesure | D4: Preuve attendue | E4: Effort (1-3) | F4: Réduction du risque (1-3) | G4: Priorité (calcul) | H4: Responsable | I4: Échéance | J4: Statut | K4: Avancement
A5: 1 | B5: Vague 1 | C5: Activer l'authentification multifacteur sur tous les accès distants et tous les comptes d'administration | D5: Copie d'écran de la politique + liste des comptes couverts | E5: 2 | F5: 3 | G5: =IFERROR(F5/E5,"") -> 1.5 | I5: ='4. Tableau de bord'!$C$5+30*1 -> 46325 | J5: Non démarré | K5: =IF(J5="Non applicable","",IF(J5="Fait",1,IF(J5="En cours",0.5,0))) -> 0
A6: 2 | B6: Vague 1 | C6: Recenser les comptes à privilèges et supprimer les comptes orphelins ou inactifs depuis plus de 90 jours | D6: Liste des comptes avant / après, avec date de désactivation | E6: 1 | F6: 3 | G6: =IFERROR(F6/E6,"") -> 3 | I6: ='4. Tableau de bord'!$C$5+30*1 -> 46325 | J6: Non démarré | K6: =IF(J6="Non applicable","",IF(J6="Fait",1,IF(J6="En cours",0.5,0))) -> 0
A7: 3 | B7: Vague 1 | C7: Appliquer les correctifs critiques sur tous les actifs exposés sur Internet | D7: Rapport de vulnérabilités daté, avant et après | E7: 2 | F7: 3 | G7: =IFERROR(F7/E7,"") -> 1.5 | I7: ='4. Tableau de bord'!$C$5+30*1 -> 46325 | J7: Non démarré | K7: =IF(J7="Non applicable","",IF(J7="Fait",1,IF(J7="En cours",0.5,0))) -> 0
A8: 4 | B8: Vague 1 | C8: Vérifier l'existence d'une copie de sauvegarde hors ligne ou non modifiable des données critiques | D8: Description du dispositif et date de la dernière copie | E8: 2 | F8: 3 | G8: =IFERROR(F8/E8,"") -> 1.5 | I8: ='4. Tableau de bord'!$C$5+30*1 -> 46325 | J8: Non démarré | K8: =IF(J8="Non applicable","",IF(J8="Fait",1,IF(J8="En cours",0.5,0))) -> 0
A9: 5 | B9: Vague 1 | C9: Réaliser un test de restauration réel sur un actif critique | D9: Compte rendu de test : durée, données restaurées, écarts constatés | E9: 2 | F9: 3 | G9: =IFERROR(F9/E9,"") -> 1.5 | I9: ='4. Tableau de bord'!$C$5+30*1 -> 46325 | J9: Non démarré | K9: =IF(J9="Non applicable","",IF(J9="Fait",1,IF(J9="En cours",0.5,0))) -> 0
A10: 6 | B10: Vague 1 | C10: Fermer les accès d'administration exposés directement sur Internet (bureau à distance, SSH, consoles) | D10: Résultat d'un balayage externe des ports ouverts | E10: 2 | F10: 3 | G10: =IFERROR(F10/E10,"") -> 1.5 | I10: ='4. Tableau de bord'!$C$5+30*1 -> 46325 | J10: Non démarré | K10: =IF(J10="Non applicable","",IF(J10="Fait",1,IF(J10="En cours",0.5,0))) -> 0
A11: 7 | B11: Vague 1 | C11: Activer la journalisation des authentifications, des actions d'administration et des accès distants, avec 90 jours de conservation | D11: Capture de la configuration de conservation des journaux | E11: 2 | F11: 2 | G11: =IFERROR(F11/E11,"") -> 1 | I11: ='4. Tableau de bord'!$C$5+30*1 -> 46325 | J11: Non démarré | K11: =IF(J11="Non applicable","",IF(J11="Fait",1,IF(J11="En cours",0.5,0))) -> 0
A12: 8 | B12: Vague 1 | C12: Rédiger la procédure de signalement d'incident sur une page et diffuser les contacts d'urgence | D12: Document d'une page diffusé et affiché | E12: 1 | F12: 2 | G12: =IFERROR(F12/E12,"") -> 2 | I12: ='4. Tableau de bord'!$C$5+30*1 -> 46325 | J12: Non démarré | K12: =IF(J12="Non applicable","",IF(J12="Fait",1,IF(J12="En cours",0.5,0))) -> 0
A13: 9 | B13: Vague 2 | C13: Séparer les comptes d'administration des comptes de travail quotidiens | D13: Liste nominative des comptes d'administration dédiés | E13: 2 | F13: 3 | G13: =IFERROR(F13/E13,"") -> 1.5 | I13: ='4. Tableau de bord'!$C$5+30*2 -> 46355 | J13: Non démarré | K13: =IF(J13="Non applicable","",IF(J13="Fait",1,IF(J13="En cours",0.5,0))) -> 0
A14: 10 | B14: Vague 2 | C14: Déployer un gestionnaire de mots de passe et adopter une politique de phrases de passe | D14: Taux d'adoption mesuré dans la console de l'outil | E14: 2 | F14: 2 | G14: =IFERROR(F14/E14,"") -> 1 | I14: ='4. Tableau de bord'!$C$5+30*2 -> 46355 | J14: Non démarré | K14: =IF(J14="Non applicable","",IF(J14="Fait",1,IF(J14="En cours",0.5,0))) -> 0
A15: 11 | B15: Vague 2 | C15: Durcir les postes de travail : chiffrement du disque, pare-feu actif, antivirus centralisé, mises à jour automatiques | D15: Rapport de conformité du parc, poste par poste | E15: 3 | F15: 3 | G15: =IFERROR(F15/E15,"") -> 1 | I15: ='4. Tableau de bord'!$C$5+30*2 -> 46355 | J15: Non démarré | K15: =IF(J15="Non applicable","",IF(J15="Fait",1,IF(J15="En cours",0.5,0))) -> 0
A16: 12 | B16: Vague 2 | C16: Encadrer les accès des prestataires : comptes nominatifs, durée limitée, retrait à la fin du contrat | D16: Registre des accès prestataires avec dates de fin | E16: 2 | F16: 3 | G16: =IFERROR(F16/E16,"") -> 1.5 | I16: ='4. Tableau de bord'!$C$5+30*2 -> 46355 | J16: Non démarré | K16: =IF(J16="Non applicable","",IF(J16="Fait",1,IF(J16="En cours",0.5,0))) -> 0
A17: 13 | B17: Vague 2 | C17: Protéger la messagerie : enregistrements SPF, DKIM et DMARC, filtrage anti-hameçonnage, bannière sur les courriels externes | D17: Résultat d'un outil de vérification des enregistrements du domaine | E17: 2 | F17: 3 | G17: =IFERROR(F17/E17,"") -> 1.5 | I17: ='4. Tableau de bord'!$C$5+30*2 -> 46355 | J17: Non démarré | K17: =IF(J17="Non applicable","",IF(J17="Fait",1,IF(J17="En cours",0.5,0))) -> 0
A18: 14 | B18: Vague 2 | C18: Revoir les partages de fichiers et supprimer les liens publics devenus inutiles | D18: Liste des partages ouverts avant / après | E18: 2 | F18: 2 | G18: =IFERROR(F18/E18,"") -> 1 | I18: ='4. Tableau de bord'!$C$5+30*2 -> 46355 | J18: Non démarré | K18: =IF(J18="Non applicable","",IF(J18="Fait",1,IF(J18="En cours",0.5,0))) -> 0
A19: 15 | B19: Vague 2 | C19: Organiser une session de sensibilisation et une simulation d'hameçonnage | D19: Taux de participation et taux de clic sur la simulation | E19: 2 | F19: 2 | G19: =IFERROR(F19/E19,"") -> 1 | I19: ='4. Tableau de bord'!$C$5+30*2 -> 46355 | J19: Non démarré | K19: =IF(J19="Non applicable","",IF(J19="Fait",1,IF(J19="En cours",0.5,0))) -> 0
A20: 16 | B20: Vague 3 | C20: Classer les données selon quatre niveaux de confidentialité sur les trois principaux dépôts | D20: Grille de classification approuvée par la direction | E20: 2 | F20: 2 | G20: =IFERROR(F20/E20,"") -> 1 | I20: ='4. Tableau de bord'!$C$5+30*3 -> 46385 | J20: Non démarré | K20: =IF(J20="Non applicable","",IF(J20="Fait",1,IF(J20="En cours",0.5,0))) -> 0
A21: 17 | B21: Vague 3 | C21: Rédiger un plan de réponse à incident d'une page et le tester par un exercice sur table de deux heures | D21: Compte rendu de l'exercice et actions correctives identifiées | E21: 2 | F21: 3 | G21: =IFERROR(F21/E21,"") -> 1.5 | I21: ='4. Tableau de bord'!$C$5+30*3 -> 46385 | J21: Non démarré | K21: =IF(J21="Non applicable","",IF(J21="Fait",1,IF(J21="En cours",0.5,0))) -> 0
A22: 18 | B22: Vague 3 | C22: Mettre en place la revue trimestrielle des accès (employés, prestataires, comptes de service) | D22: Première revue signée par les responsables métier | E22: 2 | F22: 2 | G22: =IFERROR(F22/E22,"") -> 1 | I22: ='4. Tableau de bord'!$C$5+30*3 -> 46385 | J22: Non démarré | K22: =IF(J22="Non applicable","",IF(J22="Fait",1,IF(J22="En cours",0.5,0))) -> 0
A23: 19 | B23: Vague 3 | C23: Mettre en place des alertes sur les connexions d'administration inhabituelles et les échecs d'authentification en rafale | D23: Copie d'écran des règles d'alerte et d'une alerte de test | E23: 2 | F23: 2 | G23: =IFERROR(F23/E23,"") -> 1 | I23: ='4. Tableau de bord'!$C$5+30*3 -> 46385 | J23: Non démarré | K23: =IF(J23="Non applicable","",IF(J23="Fait",1,IF(J23="En cours",0.5,0))) -> 0
A24: 20 | B24: Vague 3 | C24: Tenir un registre des dérogations et faire signer l'acceptation des risques résiduels | D24: Registre signé par la direction | E24: 1 | F24: 2 | G24: =IFERROR(F24/E24,"") -> 2 | I24: ='4. Tableau de bord'!$C$5+30*3 -> 46385 | J24: Non démarré | K24: =IF(J24="Non applicable","",IF(J24="Fait",1,IF(J24="En cours",0.5,0))) -> 0
A25: 21 | B25: Vague 3 | C25: Présenter le tableau de bord des cinq indicateurs à la direction | D25: Compte rendu de la réunion et décisions prises | E25: 1 | F25: 2 | G25: =IFERROR(F25/E25,"") -> 2 | I25: ='4. Tableau de bord'!$C$5+30*3 -> 46385 | J25: Non démarré | K25: =IF(J25="Non applicable","",IF(J25="Fait",1,IF(J25="En cours",0.5,0))) -> 0
A27: Lecture de la colonne Priorité : elle ne se compare qu'à l'intérieur d'une même vague. C'est l'ordre des vagues qui porte la priorité réelle ; le ratio ne fait que trier les mesures entre elles au sein d'une vague. Une mesure peu coûteuse et modérément efficace peut afficher un ratio élevé sans devoir passer avant une mesure de la vague précédente.
A30: Barème de cotation
A31: Ces valeurs sont des estimations établies pour une organisation de 40 à 100 personnes sans équipe de sécurité dédiée. Elles ne proviennent d'aucun référentiel normatif et sont faites pour être rediscutées et ajustées à votre contexte.
A34: Effort — charge réelle de mise en œuvre
A35: 1 | C35: Moins d'une journée-personne. Une seule personne décide et exécute, sans coordination avec d'autres équipes.
A36: 2 | C36: De quelques jours à deux semaines. Nécessite la coordination d'une ou deux autres équipes, ou d'un fournisseur.
A37: 3 | C37: Projet de plusieurs semaines touchant l'ensemble du parc ou l'ensemble des utilisateurs.
A38: Réduction du risque — mesurée contre des scénarios d'attaque réellement observés
A39: 3 | C39: Rend impossible ou très coûteux un mode d'entrée courant : identifiants volés, actif exposé non corrigé, sauvegarde chiffrée en même temps que le reste.
A40: 2 | C40: Ne bloque pas l'entrée, mais réduit l'ampleur, la durée ou le coût de l'incident, ou la capacité à le comprendre après coup.
A41: 1 | C41: Apport de maturité sans effet direct sur un scénario d'attaque observé.
A43: Aucune des vingt et une mesures n'est cotée 1 en réduction du risque : elles ont toutes été retenues parce qu'elles produisent un effet. L'échelle fonctionne donc en pratique sur deux niveaux.

Sheet 3. Indicateurs
A1: 3. LES CINQ INDICATEURS
A2: Renseigner la valeur de départ dès le premier jour : sans point de départ, aucun progrès n'est démontrable.
A4: Indicateur | B4: Comment le mesurer | C4: Sens souhaité | D4: Valeur de départ | E4: Valeur actuelle | F4: Cible à 90 jours | G4: Statut (calcul)
A5: Part des comptes à privilèges protégés par authentification multifacteur | B5: Nombre de comptes d'administration avec MFA divisé par le nombre total de comptes d'administration | C5: Hausse | D5: 0.3 | E5: 0.3 | F5: 1 | G5: =IF(E5="","",IF(C5="Hausse",IF(E5>=F5,"Cible atteinte","À poursuivre"),IF(E5<=F5,"Cible atteinte","À poursuivre"))) -> À poursuivre
A6: Délai moyen de correction des vulnérabilités critiques exposées (jours) | B6: Moyenne des délais entre publication du correctif et application, sur les actifs exposés | C6: Baisse | D6: 45 | E6: 45 | F6: 14 | G6: =IF(E6="","",IF(C6="Hausse",IF(E6>=F6,"Cible atteinte","À poursuivre"),IF(E6<=F6,"Cible atteinte","À poursuivre"))) -> À poursuivre
A7: Jours écoulés depuis le dernier test de restauration réussi | B7: Date du jour moins date du dernier test de restauration documenté | C7: Baisse | D7: 365 | E7: 365 | F7: 90 | G7: =IF(E7="","",IF(C7="Hausse",IF(E7>=F7,"Cible atteinte","À poursuivre"),IF(E7<=F7,"Cible atteinte","À poursuivre"))) -> À poursuivre
A8: Part des comptes inactifs depuis plus de 90 jours | B8: Comptes sans connexion depuis 90 jours divisés par le nombre total de comptes | C8: Baisse | D8: 0.18 | E8: 0.18 | F8: 0.02 | G8: =IF(E8="","",IF(C8="Hausse",IF(E8>=F8,"Cible atteinte","À poursuivre"),IF(E8<=F8,"Cible atteinte","À poursuivre"))) -> À poursuivre
A9: Part du plan 90 jours réalisée | B9: Calcul automatique à partir de l'onglet Plan 90 jours | C9: Hausse | D9: 0 | E9: =IFERROR(AVERAGE('2. Plan 90 jours'!K5:K25),0) -> 0 | F9: 1 | G9: =IF(E9="","",IF(C9="Hausse",IF(E9>=F9,"Cible atteinte","À poursuivre"),IF(E9<=F9,"Cible atteinte","À poursuivre"))) -> À poursuivre
A11: Les valeurs de départ pré-remplies sont des ordres de grandeur observés dans de petites organisations n'ayant pas encore structuré leur sécurité. Elles sont à remplacer par vos propres mesures.

Sheet 4. Tableau de bord
B2: 4. TABLEAU DE BORD
B3: Page à projeter en comité de direction. Tout se calcule à partir des onglets 2 et 3.
B5: Date de lancement du plan | C5: 46295
B6: Jour du plan | C6: =TODAY()-C5 -> -5 | D6: sur 90 jours
B8: AVANCEMENT GLOBAL
B9: Avancement du plan | C9: =IFERROR(AVERAGE('2. Plan 90 jours'!K5:K25),0) -> 0
B10: Mesures réalisées | C10: =COUNTIF('2. Plan 90 jours'!J5:J25,"Fait") -> 0
B11: Mesures en cours | C11: =COUNTIF('2. Plan 90 jours'!J5:J25,"En cours") -> 0
B12: Mesures non démarrées | C12: =COUNTIF('2. Plan 90 jours'!J5:J25,"Non démarré") -> 21
B13: Mesures en retard | C13: =COUNTIFS('2. Plan 90 jours'!I5:I25,"<"&TODAY(),'2. Plan 90 jours'!J5:J25,"<>Fait",'2. Plan 90 jours'!J5:J25,"<>Non applicable") -> 0
B15: AVANCEMENT PAR VAGUE
B16: Vague | C16: Période | D16: Avancement
B17: Vague 1 — Arrêter l'hémorragie | C17: Jours 1 à 30 | D17: =IFERROR(AVERAGEIFS('2. Plan 90 jours'!K5:K25,'2. Plan 90 jours'!B5:B25,"Vague 1"),0) -> 0
B18: Vague 2 — Structurer | C18: Jours 31 à 60 | D18: =IFERROR(AVERAGEIFS('2. Plan 90 jours'!K5:K25,'2. Plan 90 jours'!B5:B25,"Vague 2"),0) -> 0
B19: Vague 3 — Tenir dans la durée | C19: Jours 61 à 90 | D19: =IFERROR(AVERAGEIFS('2. Plan 90 jours'!K5:K25,'2. Plan 90 jours'!B5:B25,"Vague 3"),0) -> 0
B21: SUIVI DES CINQ INDICATEURS
B22: Indicateur | C22: Départ | D22: Actuel | E22: Cible | F22: Statut
B23: ='3. Indicateurs'!A5 -> Part des comptes à privilèges protégés par authentification multifacteur | C23: ='3. Indicateurs'!D5 -> 0.3 | D23: ='3. Indicateurs'!E5 -> 0.3 | E23: ='3. Indicateurs'!F5 -> 1 | F23: ='3. Indicateurs'!G5 -> À poursuivre
B24: ='3. Indicateurs'!A6 -> Délai moyen de correction des vulnérabilités critiques exposées (jours) | C24: ='3. Indicateurs'!D6 -> 45 | D24: ='3. Indicateurs'!E6 -> 45 | E24: ='3. Indicateurs'!F6 -> 14 | F24: ='3. Indicateurs'!G6 -> À poursuivre
B25: ='3. Indicateurs'!A7 -> Jours écoulés depuis le dernier test de restauration réussi | C25: ='3. Indicateurs'!D7 -> 365 | D25: ='3. Indicateurs'!E7 -> 365 | E25: ='3. Indicateurs'!F7 -> 90 | F25: ='3. Indicateurs'!G7 -> À poursuivre
B26: ='3. Indicateurs'!A8 -> Part des comptes inactifs depuis plus de 90 jours | C26: ='3. Indicateurs'!D8 -> 0.18 | D26: ='3. Indicateurs'!E8 -> 0.18 | E26: ='3. Indicateurs'!F8 -> 0.02 | F26: ='3. Indicateurs'!G8 -> À poursuivre
B27: ='3. Indicateurs'!A9 -> Part du plan 90 jours réalisée | C27: ='3. Indicateurs'!D9 -> 0 | D27: ='3. Indicateurs'!E9 -> 0 | E27: ='3. Indicateurs'!F9 -> 1 | F27: ='3. Indicateurs'!G9 -> À poursuivre
